{"cameraMode":{"drawMode":0,"name":"Shaded","section":"Shading Mode"},"sceneLighting":false,"audioPlay":false,"sceneViewState":{"m_AlwaysRefresh":false,"showFog":true,"showSkybox":false,"showFlares":true,"showImageEffects":true,"showParticleSystems":true,"showVisualEffectGraphs":true,"m_FxEnabled":false},"in2DMode":false,"pivot":{"x":-0.34728753566741946,"y":1.4024038314819337,"z":-3.2093610763549806},"rotation":{"x":0.008994991891086102,"y":-0.9730863571166992,"z":-0.03855575993657112,"w":-0.22702500224113465},"size":3.8999996185302736,"orthographic":false}