{"cameraMode":{"drawMode":0,"name":"Shaded","section":"Shading Mode"},"sceneLighting":false,"audioPlay":false,"sceneViewState":{"m_AlwaysRefresh":false,"showFog":true,"showSkybox":false,"showFlares":true,"showImageEffects":true,"showParticleSystems":true,"showVisualEffectGraphs":true,"m_FxEnabled":false},"in2DMode":false,"pivot":{"x":-0.04999980702996254,"y":1.1252903938293458,"z":0.04999995231628418},"rotation":{"x":-0.08081876486539841,"y":-0.9083508849143982,"z":0.2073248028755188,"w":-0.3540980815887451},"size":1.1272200345993043,"orthographic":false}