{"cameraMode":{"drawMode":0,"name":"Shaded","section":"Shading Mode"},"sceneLighting":false,"audioPlay":false,"sceneViewState":{"m_AlwaysRefresh":false,"showFog":true,"showSkybox":false,"showFlares":true,"showImageEffects":true,"showParticleSystems":true,"showVisualEffectGraphs":true,"m_FxEnabled":false},"in2DMode":false,"pivot":{"x":369.6261291503906,"y":419.5582275390625,"z":382.18511962890627},"rotation":{"x":0.05333055183291435,"y":0.23447707295417787,"z":-0.012920527718961239,"w":0.9705970883369446},"size":367.15118408203127,"orthographic":false}