{"cameraMode":{"drawMode":0,"name":"Shaded","section":"Shading Mode"},"sceneLighting":false,"audioPlay":false,"sceneViewState":{"m_AlwaysRefresh":false,"showFog":true,"showSkybox":false,"showFlares":true,"showImageEffects":true,"showParticleSystems":true,"showVisualEffectGraphs":true,"m_FxEnabled":false},"in2DMode":false,"pivot":{"x":1.2278497219085694,"y":0.9940999746322632,"z":0.7691726684570313},"rotation":{"x":-0.030054068192839624,"y":-0.5794947147369385,"z":0.021392587572336198,"w":-0.814142107963562},"size":1.474929928779602,"orthographic":false}