{"cameraMode":{"drawMode":0,"name":"Shaded","section":"Shading Mode"},"sceneLighting":false,"audioPlay":false,"sceneViewState":{"m_AlwaysRefresh":false,"showFog":true,"showSkybox":false,"showFlares":true,"showImageEffects":true,"showParticleSystems":true,"showVisualEffectGraphs":true,"m_FxEnabled":false},"in2DMode":false,"pivot":{"x":1.2270534038543702,"y":-0.08667826652526856,"z":0.3410320281982422},"rotation":{"x":-0.26277753710746767,"y":-0.3239334523677826,"z":0.09416733682155609,"w":-0.9039640426635742},"size":2.4494898319244386,"orthographic":false}