{"cameraMode":{"drawMode":0,"name":"Shaded","section":"Shading Mode"},"sceneLighting":false,"audioPlay":false,"sceneViewState":{"m_AlwaysRefresh":false,"showFog":true,"showSkybox":false,"showFlares":true,"showImageEffects":true,"showParticleSystems":true,"showVisualEffectGraphs":true,"m_FxEnabled":false},"in2DMode":false,"pivot":{"x":-2.094364643096924,"y":1.0832409858703614,"z":-2.983517646789551},"rotation":{"x":-0.00022644003911409527,"y":-0.9983008503913879,"z":0.003891987958922982,"w":-0.058170970529317859},"size":3.474797010421753,"orthographic":false}