{"cameraMode":{"drawMode":0,"name":"Shaded","section":"Shading Mode"},"sceneLighting":false,"audioPlay":false,"sceneViewState":{"m_AlwaysRefresh":false,"showFog":true,"showSkybox":false,"showFlares":true,"showImageEffects":true,"showParticleSystems":true,"showVisualEffectGraphs":true,"m_FxEnabled":false},"in2DMode":false,"pivot":{"x":0.29552483558654787,"y":-0.028919577598571779,"z":-3.7351980209350588},"rotation":{"x":-0.07457926869392395,"y":-0.902123749256134,"z":0.17340420186519624,"w":-0.3880278468132019},"size":4.199999809265137,"orthographic":false}